worker,community
A31OCN4MNHUQ6W,community14
A153PKAL7OAY36,community12
A2BTR0GQ5B5JI6,community10
AZSDW7JJL5VA7,community13
ATVALOQVDCMZW,community15
A3JMQDTEKRE5X6,community14
A3MA9V9UPGCOK7,community16
A3GE97GX3OXJTW,community14
A2JP3HEL3J25AJ,community15
A2ITXTZLLTI4GO,community15
A28ZHJ9ASQ49IY,community15
A21A79J5ZWD42K,community14
APYV9Y0DFZFVP,community14
A2AJO7WHWIKEHR,community13
A2VL24C5P7Y3DJ,community8
A3MU5NDVE8YATT,community2
A21US576U8SCO4,community11
A1PXXEOGQ76RNJ,community10
A3NN88JE3JU6SK,community8
A35GER5TWMH9VP,community14
A2DO3HBE5HGVEN,community12
A22C0PJUBFJTI0,community17
